nsc_1_mat	chr7	104353258	-	-5.537334267018537	c669c12a-7715-4edd-94b0-9023d2a99042
nsc_1_pat	chr7	104353258	+	0.8379781284384011	51191fe5-4ec1-4755-aed0-51e0c318feaf
nsc_2_pat	chr7	104353258	+	-1.0317493434389833	e9494928-d623-46c5-a2ef-686434b5e36d
nsc_1_mat	chr7	104353268	-	-2.5776883832389665	f975ddec-dc50-42f4-abf6-3606baa2ebbe
nsc_1_mat	chr7	104353268	-	-Inf	c669c12a-7715-4edd-94b0-9023d2a99042
nsc_1_pat	chr7	104353268	+	-Inf	51191fe5-4ec1-4755-aed0-51e0c318feaf
nsc_1_pat	chr7	104353286	+	-3.4299467949481413	51191fe5-4ec1-4755-aed0-51e0c318feaf
nsc_1_pat	chr7	104353302	+	-4.840242308167575	51191fe5-4ec1-4755-aed0-51e0c318feaf
nsc_1_mat	chr7	104353328	-	-Inf	c669c12a-7715-4edd-94b0-9023d2a99042
nsc_1_mat	chr7	104353328	-	-Inf	f975ddec-dc50-42f4-abf6-3606baa2ebbe
nsc_1_pat	chr7	104353328	+	-1.7117167615545184	51191fe5-4ec1-4755-aed0-51e0c318feaf
nsc_2_pat	chr7	104353328	+	-0.9328200338253656	e9494928-d623-46c5-a2ef-686434b5e36d
nsc_1_mat	chr7	104353333	-	-4.840242308167575	f975ddec-dc50-42f4-abf6-3606baa2ebbe
nsc_1_mat	chr7	104353333	-	-Inf	c669c12a-7715-4edd-94b0-9023d2a99042
nsc_1_pat	chr7	104353333	+	-4.840242308167575	51191fe5-4ec1-4755-aed0-51e0c318feaf
nsc_2_pat	chr7	104353333	+	-5.537334267018537	e9494928-d623-46c5-a2ef-686434b5e36d
nsc_1_mat	chr7	104353347	-	-0.6233514186244034	f975ddec-dc50-42f4-abf6-3606baa2ebbe
nsc_1_mat	chr7	104353347	-	-Inf	c669c12a-7715-4edd-94b0-9023d2a99042
nsc_1_pat	chr7	104353347	+	-1.7423111938140738	51191fe5-4ec1-4755-aed0-51e0c318feaf
nsc_1_pat	chr7	104353450	+	Inf	51191fe5-4ec1-4755-aed0-51e0c318feaf
nsc_2_pat	chr7	104353579	+	1.2909841813155658	e9494928-d623-46c5-a2ef-686434b5e36d
nsc_2_pat	chr7	104353623	+	-0.023530497410194046	e9494928-d623-46c5-a2ef-686434b5e36d
nsc_1_mat	chr7	104353656	-	-Inf	c669c12a-7715-4edd-94b0-9023d2a99042
nsc_1_mat	chr7	104353656	-	-Inf	f975ddec-dc50-42f4-abf6-3606baa2ebbe
nsc_1_mat	chr7	104353744	-	-1.01160091167848	f975ddec-dc50-42f4-abf6-3606baa2ebbe
nsc_1_mat	chr7	104353744	-	1.052092273033217	c669c12a-7715-4edd-94b0-9023d2a99042
nsc_1_pat	chr7	104353744	+	5.53733426701854	51191fe5-4ec1-4755-aed0-51e0c318feaf
nsc_1_mat	chr7	104353786	-	-Inf	c669c12a-7715-4edd-94b0-9023d2a99042
nsc_1_mat	chr7	104353809	-	5.53733426701854	c669c12a-7715-4edd-94b0-9023d2a99042
nsc_1_mat	chr7	104353835	-	1.0116009116784797	c669c12a-7715-4edd-94b0-9023d2a99042
nsc_2_pat	chr7	104353835	+	-3.0992729524948315	e9494928-d623-46c5-a2ef-686434b5e36d
nsc_1_mat	chr7	104353869	-	0.5719616237577219	c669c12a-7715-4edd-94b0-9023d2a99042
nsc_1_pat	chr7	104353869	+	Inf	51191fe5-4ec1-4755-aed0-51e0c318feaf
nsc_2_pat	chr7	104353869	+	Inf	e9494928-d623-46c5-a2ef-686434b5e36d
nsc_1_mat	chr7	104353911	-	-Inf	f975ddec-dc50-42f4-abf6-3606baa2ebbe
nsc_1_mat	chr7	104353911	-	3.008154793552547	c669c12a-7715-4edd-94b0-9023d2a99042
nsc_1_mat	chr7	104353946	-	5.53733426701854	f975ddec-dc50-42f4-abf6-3606baa2ebbe
nsc_1_mat	chr7	104353946	-	Inf	c669c12a-7715-4edd-94b0-9023d2a99042
nsc_1_pat	chr7	104354214	+	-0.8379781284384012	51191fe5-4ec1-4755-aed0-51e0c318feaf
nsc_1_mat	chr7	104354252	-	-3.7256934272366524	c669c12a-7715-4edd-94b0-9023d2a99042
nsc_1_mat	chr7	104354252	-	-3.912023005428146	f975ddec-dc50-42f4-abf6-3606baa2ebbe
nsc_1_pat	chr7	104354252	+	1.0317493434389833	51191fe5-4ec1-4755-aed0-51e0c318feaf
nsc_2_pat	chr7	104354252	+	Inf	e9494928-d623-46c5-a2ef-686434b5e36d
nsc_1_mat	chr7	104354448	-	-Inf	f975ddec-dc50-42f4-abf6-3606baa2ebbe
nsc_1_mat	chr7	104354448	-	Inf	c669c12a-7715-4edd-94b0-9023d2a99042
nsc_1_pat	chr7	104354448	+	2.0149030205422647	51191fe5-4ec1-4755-aed0-51e0c318feaf
nsc_2_pat	chr7	104354448	+	Inf	e9494928-d623-46c5-a2ef-686434b5e36d
nsc_1_mat	chr7	104354730	-	2.9239883686951487	f975ddec-dc50-42f4-abf6-3606baa2ebbe
nsc_1_mat	chr7	104354730	-	3.9120230054281437	c669c12a-7715-4edd-94b0-9023d2a99042
nsc_1_pat	chr7	104354730	+	2.7038748296917294	51191fe5-4ec1-4755-aed0-51e0c318feaf
nsc_2_pat	chr7	104354730	+	Inf	e9494928-d623-46c5-a2ef-686434b5e36d
nsc_2_pat	chr7	104354739	+	5.53733426701854	e9494928-d623-46c5-a2ef-686434b5e36d
nsc_1_mat	chr7	104354941	-	2.053239169285811	f975ddec-dc50-42f4-abf6-3606baa2ebbe
nsc_2_pat	chr7	104354956	+	-4.840242308167575	e9494928-d623-46c5-a2ef-686434b5e36d
nsc_1_pat	chr7	104355012	+	-1.1569842948900166	51191fe5-4ec1-4755-aed0-51e0c318feaf
nsc_2_pat	chr7	104355012	+	1.3619622604603596	e9494928-d623-46c5-a2ef-686434b5e36d
nsc_1_mat	chr7	104355345	-	-0.13353139262452263	c669c12a-7715-4edd-94b0-9023d2a99042
nsc_1_mat	chr7	104355345	-	5.53733426701854	f975ddec-dc50-42f4-abf6-3606baa2ebbe
nsc_3_mat	chr7	104355345	-	1.623622547426057	b7fb180b-eb8a-466d-b992-2863ac70b501
nsc_1_pat	chr7	104355374	+	1.7735771501448643	51191fe5-4ec1-4755-aed0-51e0c318feaf
nsc_1_mat	chr7	104355510	-	Inf	c669c12a-7715-4edd-94b0-9023d2a99042
nsc_1_mat	chr7	104355510	-	Inf	f975ddec-dc50-42f4-abf6-3606baa2ebbe
nsc_1_mat	chr7	104355543	-	5.53733426701854	c669c12a-7715-4edd-94b0-9023d2a99042
nsc_3_mat	chr7	104355543	-	Inf	b7fb180b-eb8a-466d-b992-2863ac70b501
nsc_1_mat	chr7	104355545	-	-0.6406569979385488	f975ddec-dc50-42f4-abf6-3606baa2ebbe
nsc_2_pat	chr7	104355559	+	Inf	e9494928-d623-46c5-a2ef-686434b5e36d
nsc_1_pat	chr7	104355662	+	Inf	51191fe5-4ec1-4755-aed0-51e0c318feaf
nsc_1_mat	chr7	104355683	-	5.53733426701854	f975ddec-dc50-42f4-abf6-3606baa2ebbe
nsc_1_mat	chr7	104355683	-	Inf	c669c12a-7715-4edd-94b0-9023d2a99042
nsc_2_pat	chr7	104355702	+	-1.9414358686603923	e9494928-d623-46c5-a2ef-686434b5e36d
nsc_1_mat	chr7	104355717	-	5.53733426701854	f975ddec-dc50-42f4-abf6-3606baa2ebbe
nsc_1_mat	chr7	104355717	-	Inf	c669c12a-7715-4edd-94b0-9023d2a99042
nsc_1_pat	chr7	104355717	+	5.53733426701854	51191fe5-4ec1-4755-aed0-51e0c318feaf
nsc_2_pat	chr7	104355717	+	Inf	e9494928-d623-46c5-a2ef-686434b5e36d
nsc_3_mat	chr7	104355717	-	Inf	b7fb180b-eb8a-466d-b992-2863ac70b501
nsc_1_mat	chr7	104355772	-	-Inf	f975ddec-dc50-42f4-abf6-3606baa2ebbe
nsc_1_mat	chr7	104355772	-	2.7038748296917294	c669c12a-7715-4edd-94b0-9023d2a99042
nsc_1_mat	chr7	104355784	-	-5.537334267018537	c669c12a-7715-4edd-94b0-9023d2a99042
nsc_1_mat	chr7	104355820	-	Inf	c669c12a-7715-4edd-94b0-9023d2a99042
nsc_1_mat	chr7	104355867	-	Inf	c669c12a-7715-4edd-94b0-9023d2a99042
nsc_1_mat	chr7	104355867	-	Inf	f975ddec-dc50-42f4-abf6-3606baa2ebbe
nsc_1_pat	chr7	104355867	+	Inf	51191fe5-4ec1-4755-aed0-51e0c318feaf
nsc_3_mat	chr7	104355867	-	3.308106958596144	b7fb180b-eb8a-466d-b992-2863ac70b501
nsc_1_mat	chr7	104355873	-	-1.906169820405799	c669c12a-7715-4edd-94b0-9023d2a99042
nsc_1_mat	chr7	104356006	-	-5.537334267018537	f975ddec-dc50-42f4-abf6-3606baa2ebbe
nsc_1_mat	chr7	104356006	-	5.53733426701854	c669c12a-7715-4edd-94b0-9023d2a99042
nsc_1_pat	chr7	104356006	+	Inf	51191fe5-4ec1-4755-aed0-51e0c318feaf
nsc_1_mat	chr7	104356018	-	5.53733426701854	f975ddec-dc50-42f4-abf6-3606baa2ebbe
nsc_1_mat	chr7	104356018	-	Inf	c669c12a-7715-4edd-94b0-9023d2a99042
nsc_2_pat	chr7	104356054	+	2.7038748296917294	e9494928-d623-46c5-a2ef-686434b5e36d
nsc_1_mat	chr7	104356063	-	-4.430816798843313	f975ddec-dc50-42f4-abf6-3606baa2ebbe
nsc_1_mat	chr7	104356063	-	Inf	c669c12a-7715-4edd-94b0-9023d2a99042
nsc_1_pat	chr7	104356063	+	Inf	51191fe5-4ec1-4755-aed0-51e0c318feaf
nsc_2_pat	chr7	104356063	+	4.430816798843317	e9494928-d623-46c5-a2ef-686434b5e36d
nsc_3_mat	chr7	104356063	-	5.53733426701854	b7fb180b-eb8a-466d-b992-2863ac70b501
nsc_1_mat	chr7	104356110	-	-Inf	f975ddec-dc50-42f4-abf6-3606baa2ebbe
nsc_1_mat	chr7	104356110	-	Inf	c669c12a-7715-4edd-94b0-9023d2a99042
nsc_1_pat	chr7	104356110	+	4.8402423081675785	51191fe5-4ec1-4755-aed0-51e0c318feaf
nsc_2_pat	chr7	104356110	+	Inf	e9494928-d623-46c5-a2ef-686434b5e36d
nsc_3_mat	chr7	104356110	-	-4.840242308167575	b7fb180b-eb8a-466d-b992-2863ac70b501
nsc_1_mat	chr7	104356179	-	-Inf	f975ddec-dc50-42f4-abf6-3606baa2ebbe
nsc_3_mat	chr7	104356179	-	-5.537334267018537	b7fb180b-eb8a-466d-b992-2863ac70b501
nsc_1_pat	chr7	104356200	+	-0.4382549309311555	51191fe5-4ec1-4755-aed0-51e0c318feaf
nsc_3_mat	chr7	104356278	-	-2.639057329615259	b7fb180b-eb8a-466d-b992-2863ac70b501
nsc_1_mat	chr7	104356338	-	-Inf	c669c12a-7715-4edd-94b0-9023d2a99042
nsc_1_mat	chr7	104356338	-	-Inf	f975ddec-dc50-42f4-abf6-3606baa2ebbe
nsc_2_pat	chr7	104356338	+	-5.537334267018537	e9494928-d623-46c5-a2ef-686434b5e36d
nsc_3_mat	chr7	104356458	-	2.410798677634278	b7fb180b-eb8a-466d-b992-2863ac70b501
nsc_2_pat	chr7	104356556	+	-3.912023005428146	e9494928-d623-46c5-a2ef-686434b5e36d
nsc_1_pat	chr7	104356612	+	4.8402423081675785	51191fe5-4ec1-4755-aed0-51e0c318feaf
nsc_2_pat	chr7	104356612	+	2.845739603875396	e9494928-d623-46c5-a2ef-686434b5e36d
nsc_2_pat	chr7	104356624	+	0.8944319380616562	e9494928-d623-46c5-a2ef-686434b5e36d
nsc_1_mat	chr7	104356685	-	Inf	c669c12a-7715-4edd-94b0-9023d2a99042
nsc_1_mat	chr7	104356685	-	Inf	f975ddec-dc50-42f4-abf6-3606baa2ebbe
nsc_3_mat	chr7	104356685	-	Inf	b7fb180b-eb8a-466d-b992-2863ac70b501
nsc_1_mat	chr7	104356874	-	-0.30830135965451655	f975ddec-dc50-42f4-abf6-3606baa2ebbe
nsc_2_pat	chr7	104356874	+	3.198673117550682	e9494928-d623-46c5-a2ef-686434b5e36d
nsc_3_mat	chr7	104356874	-	1.5404450409471486	b7fb180b-eb8a-466d-b992-2863ac70b501
nsc_1_mat	chr7	104356939	-	-5.537334267018537	f975ddec-dc50-42f4-abf6-3606baa2ebbe
nsc_1_mat	chr7	104356939	-	-Inf	c669c12a-7715-4edd-94b0-9023d2a99042
nsc_3_mat	chr7	104356939	-	3.008154793552547	b7fb180b-eb8a-466d-b992-2863ac70b501
nsc_1_mat	chr7	104356992	-	-Inf	c669c12a-7715-4edd-94b0-9023d2a99042
nsc_1_mat	chr7	104357074	-	0.6406569979385486	f975ddec-dc50-42f4-abf6-3606baa2ebbe
nsc_1_pat	chr7	104357074	+	Inf	51191fe5-4ec1-4755-aed0-51e0c318feaf
nsc_2_pat	chr7	104357074	+	Inf	e9494928-d623-46c5-a2ef-686434b5e36d
nsc_3_mat	chr7	104357074	-	3.9120230054281437	b7fb180b-eb8a-466d-b992-2863ac70b501
nsc_1_pat	chr7	104357097	+	Inf	51191fe5-4ec1-4755-aed0-51e0c318feaf
nsc_2_pat	chr7	104357097	+	Inf	e9494928-d623-46c5-a2ef-686434b5e36d
nsc_1_mat	chr7	104357107	-	Inf	f975ddec-dc50-42f4-abf6-3606baa2ebbe
nsc_3_mat	chr7	104357107	-	5.53733426701854	b7fb180b-eb8a-466d-b992-2863ac70b501
nsc_1_pat	chr7	104357120	+	0.37288893767355163	51191fe5-4ec1-4755-aed0-51e0c318feaf
nsc_1_mat	chr7	104357181	-	Inf	f975ddec-dc50-42f4-abf6-3606baa2ebbe
nsc_1_pat	chr7	104357181	+	3.308106958596144	51191fe5-4ec1-4755-aed0-51e0c318feaf
nsc_2_pat	chr7	104357181	+	Inf	e9494928-d623-46c5-a2ef-686434b5e36d
nsc_3_mat	chr7	104357181	-	Inf	b7fb180b-eb8a-466d-b992-2863ac70b501
nsc_1_mat	chr7	104357198	-	5.53733426701854	f975ddec-dc50-42f4-abf6-3606baa2ebbe
nsc_3_mat	chr7	104357198	-	Inf	b7fb180b-eb8a-466d-b992-2863ac70b501
nsc_1_mat	chr7	104357375	-	-Inf	f975ddec-dc50-42f4-abf6-3606baa2ebbe
nsc_3_mat	chr7	104357375	-	Inf	b7fb180b-eb8a-466d-b992-2863ac70b501
nsc_1_mat	chr7	104357497	-	-Inf	f975ddec-dc50-42f4-abf6-3606baa2ebbe
nsc_3_mat	chr7	104357497	-	-0.6580558607486751	b7fb180b-eb8a-466d-b992-2863ac70b501
nsc_3_mat	chr7	104357583	-	3.567518597109668	b7fb180b-eb8a-466d-b992-2863ac70b501
nsc_1_pat	chr7	104357813	+	5.53733426701854	51191fe5-4ec1-4755-aed0-51e0c318feaf
nsc_2_pat	chr7	104357813	+	Inf	e9494928-d623-46c5-a2ef-686434b5e36d
nsc_1_pat	chr7	104357822	+	2.264363880173848	51191fe5-4ec1-4755-aed0-51e0c318feaf
nsc_2_pat	chr7	104357822	+	-1.6236225474260568	e9494928-d623-46c5-a2ef-686434b5e36d
nsc_1_mat	chr7	104357872	-	-2.9239883686951496	f975ddec-dc50-42f4-abf6-3606baa2ebbe
nsc_1_pat	chr7	104357872	+	-4.840242308167575	51191fe5-4ec1-4755-aed0-51e0c318feaf
nsc_3_mat	chr7	104357872	-	-2.51939282585917	b7fb180b-eb8a-466d-b992-2863ac70b501
nsc_1_pat	chr7	104358111	+	Inf	51191fe5-4ec1-4755-aed0-51e0c318feaf
nsc_1_pat	chr7	104358360	+	1.052092273033217	51191fe5-4ec1-4755-aed0-51e0c318feaf
nsc_2_pat	chr7	104358360	+	3.198673117550682	e9494928-d623-46c5-a2ef-686434b5e36d
nsc_1_pat	chr7	104358512	+	3.9120230054281437	51191fe5-4ec1-4755-aed0-51e0c318feaf
nsc_1_mat	chr7	104358668	-	-0.6061358035703154	f975ddec-dc50-42f4-abf6-3606baa2ebbe
nsc_1_mat	chr7	104358712	-	4.430816798843317	f975ddec-dc50-42f4-abf6-3606baa2ebbe
nsc_1_pat	chr7	104358712	+	5.53733426701854	51191fe5-4ec1-4755-aed0-51e0c318feaf
nsc_1_pat	chr7	104358712	+	Inf	c8a7164b-3680-489c-aaa0-cae1cbcc64b3
nsc_2_pat	chr7	104358712	+	Inf	e9494928-d623-46c5-a2ef-686434b5e36d
nsc_3_mat	chr7	104358712	-	Inf	b7fb180b-eb8a-466d-b992-2863ac70b501
nsc_1_mat	chr7	104358738	-	Inf	f975ddec-dc50-42f4-abf6-3606baa2ebbe
nsc_3_mat	chr7	104358738	-	Inf	b7fb180b-eb8a-466d-b992-2863ac70b501
nsc_1_mat	chr7	104358777	-	-4.840242308167575	f975ddec-dc50-42f4-abf6-3606baa2ebbe
nsc_3_mat	chr7	104358777	-	5.53733426701854	b7fb180b-eb8a-466d-b992-2863ac70b501
nsc_1_mat	chr7	104358876	-	-5.537334267018537	f975ddec-dc50-42f4-abf6-3606baa2ebbe
nsc_1_pat	chr7	104358876	+	2.2192034840549946	51191fe5-4ec1-4755-aed0-51e0c318feaf
nsc_1_pat	chr7	104358876	+	Inf	c8a7164b-3680-489c-aaa0-cae1cbcc64b3
nsc_2_pat	chr7	104358876	+	-Inf	e9494928-d623-46c5-a2ef-686434b5e36d
nsc_1_pat	chr7	104359016	+	1.8382794848629482	51191fe5-4ec1-4755-aed0-51e0c318feaf
nsc_1_mat	chr7	104359069	-	Inf	f975ddec-dc50-42f4-abf6-3606baa2ebbe
nsc_1_pat	chr7	104359069	+	1.2227607181915694	51191fe5-4ec1-4755-aed0-51e0c318feaf
nsc_1_pat	chr7	104359069	+	Inf	c8a7164b-3680-489c-aaa0-cae1cbcc64b3
nsc_2_pat	chr7	104359069	+	Inf	e9494928-d623-46c5-a2ef-686434b5e36d
nsc_3_mat	chr7	104359069	-	3.008154793552547	b7fb180b-eb8a-466d-b992-2863ac70b501
nsc_1_mat	chr7	104359139	-	-Inf	f975ddec-dc50-42f4-abf6-3606baa2ebbe
nsc_1_pat	chr7	104359139	+	-4.139158578011894	51191fe5-4ec1-4755-aed0-51e0c318feaf
nsc_1_pat	chr7	104359139	+	1.4109869737102623	c8a7164b-3680-489c-aaa0-cae1cbcc64b3
nsc_2_pat	chr7	104359139	+	Inf	e9494928-d623-46c5-a2ef-686434b5e36d
nsc_3_mat	chr7	104359139	-	Inf	b7fb180b-eb8a-466d-b992-2863ac70b501
nsc_1_mat	chr7	104359176	-	Inf	f975ddec-dc50-42f4-abf6-3606baa2ebbe
nsc_3_mat	chr7	104359176	-	Inf	b7fb180b-eb8a-466d-b992-2863ac70b501
nsc_1_mat	chr7	104359207	-	Inf	f975ddec-dc50-42f4-abf6-3606baa2ebbe
nsc_3_mat	chr7	104359207	-	Inf	b7fb180b-eb8a-466d-b992-2863ac70b501
nsc_1_pat	chr7	104359434	+	-0.5890069213073483	51191fe5-4ec1-4755-aed0-51e0c318feaf
nsc_3_mat	chr7	104359587	-	5.53733426701854	b7fb180b-eb8a-466d-b992-2863ac70b501
nsc_3_mat	chr7	104359864	-	5.53733426701854	b7fb180b-eb8a-466d-b992-2863ac70b501
nsc_1_pat	chr7	104361254	+	-2.9239883686951496	51191fe5-4ec1-4755-aed0-51e0c318feaf
nsc_2_pat	chr7	104361254	+	-Inf	e9494928-d623-46c5-a2ef-686434b5e36d
nsc_3_mat	chr7	104361254	-	4.8402423081675785	b7fb180b-eb8a-466d-b992-2863ac70b501
nsc_1_pat	chr7	104361564	+	Inf	51191fe5-4ec1-4755-aed0-51e0c318feaf
nsc_2_pat	chr7	104361564	+	Inf	e9494928-d623-46c5-a2ef-686434b5e36d
nsc_1_pat	chr7	104361696	+	-0.8379781284384012	51191fe5-4ec1-4755-aed0-51e0c318feaf
nsc_2_pat	chr7	104361696	+	-Inf	e9494928-d623-46c5-a2ef-686434b5e36d
nsc_1_pat	chr7	104361742	+	Inf	51191fe5-4ec1-4755-aed0-51e0c318feaf
nsc_2_pat	chr7	104361742	+	Inf	e9494928-d623-46c5-a2ef-686434b5e36d
nsc_1_pat	chr7	104361790	+	Inf	51191fe5-4ec1-4755-aed0-51e0c318feaf
nsc_2_pat	chr7	104361790	+	Inf	e9494928-d623-46c5-a2ef-686434b5e36d
nsc_3_mat	chr7	104361796	-	Inf	b7fb180b-eb8a-466d-b992-2863ac70b501
nsc_3_mat	chr7	104362013	-	Inf	b7fb180b-eb8a-466d-b992-2863ac70b501
nsc_1_pat	chr7	104362229	+	0.023530497410194036	51191fe5-4ec1-4755-aed0-51e0c318feaf
nsc_2_pat	chr7	104362229	+	1.3862943611198908	e9494928-d623-46c5-a2ef-686434b5e36d
nsc_3_pat	chr7	104362229	-	Inf	a6a1514c-384c-4ddf-a901-eb274063024d
nsc_1_pat	chr7	104362478	+	Inf	51191fe5-4ec1-4755-aed0-51e0c318feaf
nsc_2_pat	chr7	104362478	+	-Inf	e9494928-d623-46c5-a2ef-686434b5e36d
nsc_3_mat	chr7	104362478	-	-4.430816798843313	b7fb180b-eb8a-466d-b992-2863ac70b501
nsc_3_pat	chr7	104362478	-	Inf	a6a1514c-384c-4ddf-a901-eb274063024d
nsc_3_mat	chr7	104362556	-	Inf	b7fb180b-eb8a-466d-b992-2863ac70b501
nsc_1_pat	chr7	104362584	+	-0.35667494393873245	51191fe5-4ec1-4755-aed0-51e0c318feaf
nsc_2_pat	chr7	104362584	+	-5.537334267018537	e9494928-d623-46c5-a2ef-686434b5e36d
nsc_3_pat	chr7	104362584	-	4.8402423081675785	a6a1514c-384c-4ddf-a901-eb274063024d
nsc_3_mat	chr7	104362615	-	Inf	b7fb180b-eb8a-466d-b992-2863ac70b501
nsc_1_pat	chr7	104362846	+	-Inf	51191fe5-4ec1-4755-aed0-51e0c318feaf
nsc_3_pat	chr7	104362846	-	Inf	a6a1514c-384c-4ddf-a901-eb274063024d
nsc_2_pat	chr7	104362892	+	Inf	e9494928-d623-46c5-a2ef-686434b5e36d
nsc_3_mat	chr7	104362892	-	-Inf	b7fb180b-eb8a-466d-b992-2863ac70b501
nsc_3_pat	chr7	104362892	-	-4.840242308167575	a6a1514c-384c-4ddf-a901-eb274063024d
nsc_3_mat	chr7	104362980	-	2.7038748296917294	b7fb180b-eb8a-466d-b992-2863ac70b501
nsc_1_pat	chr7	104363152	+	-4.139158578011894	51191fe5-4ec1-4755-aed0-51e0c318feaf
nsc_2_pat	chr7	104363152	+	Inf	e9494928-d623-46c5-a2ef-686434b5e36d
nsc_3_mat	chr7	104363152	-	1.4360558706789546	b7fb180b-eb8a-466d-b992-2863ac70b501
nsc_3_pat	chr7	104363152	-	3.4299467949481413	a6a1514c-384c-4ddf-a901-eb274063024d
nsc_1_pat	chr7	104363274	+	4.8402423081675785	51191fe5-4ec1-4755-aed0-51e0c318feaf
nsc_1_pat	chr7	104363274	+	Inf	28341d95-a0fd-40dd-bf00-55637a799990
nsc_3_mat	chr7	104363274	-	5.53733426701854	b7fb180b-eb8a-466d-b992-2863ac70b501
nsc_3_pat	chr7	104363274	-	Inf	a6a1514c-384c-4ddf-a901-eb274063024d
nsc_2_pat	chr7	104363276	+	1.4873904779912592	e9494928-d623-46c5-a2ef-686434b5e36d
nsc_1_pat	chr7	104363287	+	2.0149030205422647	51191fe5-4ec1-4755-aed0-51e0c318feaf
nsc_1_pat	chr7	104363287	+	Inf	28341d95-a0fd-40dd-bf00-55637a799990
nsc_2_pat	chr7	104363287	+	Inf	e9494928-d623-46c5-a2ef-686434b5e36d
nsc_3_pat	chr7	104363287	-	5.53733426701854	a6a1514c-384c-4ddf-a901-eb274063024d
nsc_1_pat	chr7	104363360	+	-Inf	28341d95-a0fd-40dd-bf00-55637a799990
nsc_2_pat	chr7	104363360	+	-4.139158578011894	e9494928-d623-46c5-a2ef-686434b5e36d
nsc_3_pat	chr7	104363360	-	-Inf	a6a1514c-384c-4ddf-a901-eb274063024d
nsc_3_mat	chr7	104363508	-	Inf	b7fb180b-eb8a-466d-b992-2863ac70b501
nsc_1_pat	chr7	104363578	+	-Inf	28341d95-a0fd-40dd-bf00-55637a799990
nsc_1_pat	chr7	104363594	+	-1.5136928554757159	28341d95-a0fd-40dd-bf00-55637a799990
nsc_3_mat	chr7	104363705	-	Inf	b7fb180b-eb8a-466d-b992-2863ac70b501
nsc_2_pat	chr7	104364285	-	-5.537334267018537	165e7693-374f-4413-b9ae-5399d8462132
nsc_1_pat	chr7	104364667	+	-Inf	28341d95-a0fd-40dd-bf00-55637a799990
nsc_1_pat	chr7	104364667	+	-Inf	51191fe5-4ec1-4755-aed0-51e0c318feaf
nsc_2_pat	chr7	104364667	+	Inf	e9494928-d623-46c5-a2ef-686434b5e36d
nsc_3_pat	chr7	104364667	-	-Inf	a6a1514c-384c-4ddf-a901-eb274063024d
nsc_1_pat	chr7	104364685	+	-1.4360558706789543	51191fe5-4ec1-4755-aed0-51e0c318feaf
nsc_1_pat	chr7	104364685	+	3.4299467949481413	28341d95-a0fd-40dd-bf00-55637a799990
nsc_2_pat	chr7	104364685	-	Inf	165e7693-374f-4413-b9ae-5399d8462132
nsc_3_pat	chr7	104364685	-	Inf	a6a1514c-384c-4ddf-a901-eb274063024d
nsc_3_mat	chr7	104364689	-	3.7256934272366515	b7fb180b-eb8a-466d-b992-2863ac70b501
nsc_1_pat	chr7	104364690	+	-0.8379781284384012	28341d95-a0fd-40dd-bf00-55637a799990
nsc_1_pat	chr7	104364690	+	3.7256934272366515	51191fe5-4ec1-4755-aed0-51e0c318feaf
nsc_2_pat	chr7	104364690	-	Inf	165e7693-374f-4413-b9ae-5399d8462132
nsc_3_pat	chr7	104364690	-	Inf	a6a1514c-384c-4ddf-a901-eb274063024d
nsc_1_pat	chr7	104364809	+	1.178654996341646	51191fe5-4ec1-4755-aed0-51e0c318feaf
nsc_1_pat	chr7	104364923	+	Inf	28341d95-a0fd-40dd-bf00-55637a799990
nsc_1_pat	chr7	104364923	+	Inf	51191fe5-4ec1-4755-aed0-51e0c318feaf
nsc_2_pat	chr7	104364923	+	Inf	e9494928-d623-46c5-a2ef-686434b5e36d
nsc_2_pat	chr7	104364923	-	1.1355558038597937	165e7693-374f-4413-b9ae-5399d8462132
nsc_3_mat	chr7	104364923	-	1.3143208614948012	b7fb180b-eb8a-466d-b992-2863ac70b501
nsc_3_pat	chr7	104364923	-	1.3143208614948012	a6a1514c-384c-4ddf-a901-eb274063024d
nsc_3_mat	chr7	104364943	-	-3.7256934272366524	b7fb180b-eb8a-466d-b992-2863ac70b501
nsc_1_pat	chr7	104365156	+	-4.430816798843313	28341d95-a0fd-40dd-bf00-55637a799990
nsc_1_pat	chr7	104365156	+	1.9776588473698935	51191fe5-4ec1-4755-aed0-51e0c318feaf
nsc_2_pat	chr7	104365156	+	2.0149030205422647	e9494928-d623-46c5-a2ef-686434b5e36d
nsc_2_pat	chr7	104365156	-	2.31124315573716	165e7693-374f-4413-b9ae-5399d8462132
nsc_3_mat	chr7	104365156	-	0.1650797503594484	b7fb180b-eb8a-466d-b992-2863ac70b501
nsc_3_pat	chr7	104365156	-	Inf	a6a1514c-384c-4ddf-a901-eb274063024d
nsc_1_pat	chr7	104365338	+	-5.537334267018537	28341d95-a0fd-40dd-bf00-55637a799990
nsc_1_pat	chr7	104365338	+	-Inf	51191fe5-4ec1-4755-aed0-51e0c318feaf
nsc_2_pat	chr7	104365338	+	4.430816798843317	e9494928-d623-46c5-a2ef-686434b5e36d
nsc_2_pat	chr7	104365338	-	-Inf	165e7693-374f-4413-b9ae-5399d8462132
nsc_3_mat	chr7	104365338	-	Inf	b7fb180b-eb8a-466d-b992-2863ac70b501
nsc_3_pat	chr7	104365338	-	-4.840242308167575	a6a1514c-384c-4ddf-a901-eb274063024d
nsc_3_mat	chr7	104365437	-	-Inf	b7fb180b-eb8a-466d-b992-2863ac70b501
nsc_1_pat	chr7	104365525	+	-5.537334267018537	51191fe5-4ec1-4755-aed0-51e0c318feaf
nsc_1_pat	chr7	104365552	+	-Inf	28341d95-a0fd-40dd-bf00-55637a799990
nsc_1_pat	chr7	104365552	+	0.8754687373539001	51191fe5-4ec1-4755-aed0-51e0c318feaf
nsc_3_mat	chr7	104365552	-	Inf	b7fb180b-eb8a-466d-b992-2863ac70b501
nsc_3_pat	chr7	104365552	-	-4.840242308167575	a6a1514c-384c-4ddf-a901-eb274063024d
nsc_1_pat	chr7	104365604	+	-2.31124315573716	51191fe5-4ec1-4755-aed0-51e0c318feaf
nsc_1_pat	chr7	104365604	+	-3.1986731175506815	28341d95-a0fd-40dd-bf00-55637a799990
nsc_2_pat	chr7	104365604	+	Inf	e9494928-d623-46c5-a2ef-686434b5e36d
nsc_2_pat	chr7	104365604	-	-Inf	165e7693-374f-4413-b9ae-5399d8462132
nsc_3_mat	chr7	104365604	-	-5.537334267018537	b7fb180b-eb8a-466d-b992-2863ac70b501
nsc_3_pat	chr7	104365695	-	0.1650797503594484	a6a1514c-384c-4ddf-a901-eb274063024d
nsc_2_pat	chr7	104365867	+	1.9776588473698935	e9494928-d623-46c5-a2ef-686434b5e36d
nsc_1_pat	chr7	104365965	+	5.53733426701854	51191fe5-4ec1-4755-aed0-51e0c318feaf
nsc_1_pat	chr7	104365965	+	Inf	28341d95-a0fd-40dd-bf00-55637a799990
nsc_2_pat	chr7	104365965	+	Inf	e9494928-d623-46c5-a2ef-686434b5e36d
nsc_2_pat	chr7	104365965	-	3.567518597109668	165e7693-374f-4413-b9ae-5399d8462132
nsc_2_pat	chr7	104365965	-	5.53733426701854	b85c828b-ccf4-4b1d-b443-613370b4bad5
nsc_3_mat	chr7	104365965	-	2.9239883686951487	b7fb180b-eb8a-466d-b992-2863ac70b501
nsc_3_pat	chr7	104365965	-	2.5193928258591702	a6a1514c-384c-4ddf-a901-eb274063024d
nsc_1_pat	chr7	104365995	+	Inf	28341d95-a0fd-40dd-bf00-55637a799990
nsc_1_pat	chr7	104365995	+	Inf	51191fe5-4ec1-4755-aed0-51e0c318feaf
nsc_2_pat	chr7	104365995	+	4.8402423081675785	e9494928-d623-46c5-a2ef-686434b5e36d
nsc_2_pat	chr7	104365995	-	4.430816798843317	165e7693-374f-4413-b9ae-5399d8462132
nsc_2_pat	chr7	104365995	-	Inf	b85c828b-ccf4-4b1d-b443-613370b4bad5
nsc_3_mat	chr7	104365995	-	Inf	b7fb180b-eb8a-466d-b992-2863ac70b501
nsc_1_pat	chr7	104366001	+	3.308106958596144	28341d95-a0fd-40dd-bf00-55637a799990
nsc_2_pat	chr7	104366001	+	-2.0532391692858116	e9494928-d623-46c5-a2ef-686434b5e36d
nsc_3_mat	chr7	104366001	-	0.37288893767355163	b7fb180b-eb8a-466d-b992-2863ac70b501
nsc_3_pat	chr7	104366001	-	Inf	a6a1514c-384c-4ddf-a901-eb274063024d
nsc_2_pat	chr7	104366002	-	-0.16507975035944872	b85c828b-ccf4-4b1d-b443-613370b4bad5
nsc_1_pat	chr7	104366004	+	1.9414358686603923	51191fe5-4ec1-4755-aed0-51e0c318feaf
nsc_1_pat	chr7	104366073	+	Inf	28341d95-a0fd-40dd-bf00-55637a799990
nsc_2_pat	chr7	104366073	+	Inf	e9494928-d623-46c5-a2ef-686434b5e36d
nsc_2_pat	chr7	104366073	-	0.5719616237577219	b85c828b-ccf4-4b1d-b443-613370b4bad5
nsc_3_mat	chr7	104366073	-	4.8402423081675785	b7fb180b-eb8a-466d-b992-2863ac70b501
nsc_1_pat	chr7	104366146	+	3.7256934272366515	51191fe5-4ec1-4755-aed0-51e0c318feaf
nsc_2_pat	chr7	104366146	-	Inf	165e7693-374f-4413-b9ae-5399d8462132
nsc_2_pat	chr7	104366146	-	Inf	b85c828b-ccf4-4b1d-b443-613370b4bad5
nsc_3_mat	chr7	104366146	-	Inf	b7fb180b-eb8a-466d-b992-2863ac70b501
nsc_3_pat	chr7	104366146	-	Inf	a6a1514c-384c-4ddf-a901-eb274063024d
nsc_1_pat	chr7	104366149	+	-Inf	28341d95-a0fd-40dd-bf00-55637a799990
nsc_1_pat	chr7	104366161	+	0.9916401691159417	51191fe5-4ec1-4755-aed0-51e0c318feaf
nsc_2_pat	chr7	104366161	+	Inf	e9494928-d623-46c5-a2ef-686434b5e36d
nsc_2_pat	chr7	104366161	-	-5.537334267018537	b85c828b-ccf4-4b1d-b443-613370b4bad5
nsc_2_pat	chr7	104366161	-	Inf	165e7693-374f-4413-b9ae-5399d8462132
nsc_3_mat	chr7	104366161	-	Inf	b7fb180b-eb8a-466d-b992-2863ac70b501
nsc_3_pat	chr7	104366161	-	1.1143606456362487	a6a1514c-384c-4ddf-a901-eb274063024d
nsc_2_pat	chr7	104366171	-	-Inf	165e7693-374f-4413-b9ae-5399d8462132
nsc_2_pat	chr7	104366180	-	-Inf	b85c828b-ccf4-4b1d-b443-613370b4bad5
nsc_3_mat	chr7	104366180	-	Inf	b7fb180b-eb8a-466d-b992-2863ac70b501
nsc_3_mat	chr7	104366209	-	4.13915857801189	b7fb180b-eb8a-466d-b992-2863ac70b501
nsc_3_mat	chr7	104366232	-	Inf	b7fb180b-eb8a-466d-b992-2863ac70b501
nsc_3_mat	chr7	104366248	-	Inf	b7fb180b-eb8a-466d-b992-2863ac70b501
nsc_1_pat	chr7	104366255	+	Inf	28341d95-a0fd-40dd-bf00-55637a799990
nsc_1_pat	chr7	104366255	+	Inf	51191fe5-4ec1-4755-aed0-51e0c318feaf
nsc_2_pat	chr7	104366255	+	5.53733426701854	e9494928-d623-46c5-a2ef-686434b5e36d
nsc_2_pat	chr7	104366255	-	Inf	165e7693-374f-4413-b9ae-5399d8462132
nsc_2_pat	chr7	104366255	-	Inf	b85c828b-ccf4-4b1d-b443-613370b4bad5
nsc_3_mat	chr7	104366255	-	Inf	b7fb180b-eb8a-466d-b992-2863ac70b501
nsc_3_pat	chr7	104366255	-	0.21256144198367288	a6a1514c-384c-4ddf-a901-eb274063024d
nsc_1_pat	chr7	104366269	+	3.198673117550682	28341d95-a0fd-40dd-bf00-55637a799990
nsc_1_pat	chr7	104366269	+	4.8402423081675785	51191fe5-4ec1-4755-aed0-51e0c318feaf
nsc_2_pat	chr7	104366269	+	Inf	e9494928-d623-46c5-a2ef-686434b5e36d
nsc_2_pat	chr7	104366269	-	Inf	165e7693-374f-4413-b9ae-5399d8462132
nsc_2_pat	chr7	104366269	-	Inf	b85c828b-ccf4-4b1d-b443-613370b4bad5
nsc_3_mat	chr7	104366269	-	Inf	b7fb180b-eb8a-466d-b992-2863ac70b501
nsc_3_pat	chr7	104366269	-	-0.6061358035703154	a6a1514c-384c-4ddf-a901-eb274063024d
nsc_2_pat	chr7	104366552	-	-3.4299467949481413	165e7693-374f-4413-b9ae-5399d8462132
nsc_2_pat	chr7	104366690	-	-Inf	b85c828b-ccf4-4b1d-b443-613370b4bad5
nsc_3_pat	chr7	104366753	-	0.9718605830289656	a6a1514c-384c-4ddf-a901-eb274063024d
nsc_1_pat	chr7	104367010	+	Inf	28341d95-a0fd-40dd-bf00-55637a799990
nsc_1_pat	chr7	104367040	+	2.0149030205422647	28341d95-a0fd-40dd-bf00-55637a799990
nsc_1_pat	chr7	104367040	+	4.8402423081675785	3530d316-6d2e-4a34-ae6b-9bdb81de7163
nsc_2_pat	chr7	104367040	-	4.13915857801189	b85c828b-ccf4-4b1d-b443-613370b4bad5
nsc_2_pat	chr7	104367040	-	Inf	165e7693-374f-4413-b9ae-5399d8462132
nsc_3_mat	chr7	104367040	-	2.9239883686951487	b7fb180b-eb8a-466d-b992-2863ac70b501
nsc_3_pat	chr7	104367040	-	Inf	a6a1514c-384c-4ddf-a901-eb274063024d
nsc_1_pat	chr7	104367347	+	-4.139158578011894	51191fe5-4ec1-4755-aed0-51e0c318feaf
nsc_1_pat	chr7	104367347	+	2.772588722239781	28341d95-a0fd-40dd-bf00-55637a799990
nsc_2_pat	chr7	104367347	-	5.53733426701854	165e7693-374f-4413-b9ae-5399d8462132
nsc_2_pat	chr7	104367347	-	Inf	b85c828b-ccf4-4b1d-b443-613370b4bad5
nsc_3_mat	chr7	104367347	-	-Inf	b7fb180b-eb8a-466d-b992-2863ac70b501
nsc_3_pat	chr7	104367347	-	Inf	a6a1514c-384c-4ddf-a901-eb274063024d
nsc_1_pat	chr7	104367393	+	3.4299467949481413	3530d316-6d2e-4a34-ae6b-9bdb81de7163
nsc_3_pat	chr7	104367421	-	0.26028309826366636	a6a1514c-384c-4ddf-a901-eb274063024d
nsc_1_pat	chr7	104367601	+	-Inf	51191fe5-4ec1-4755-aed0-51e0c318feaf
nsc_1_pat	chr7	104367644	+	-5.537334267018537	51191fe5-4ec1-4755-aed0-51e0c318feaf
nsc_1_pat	chr7	104367706	+	1.1569842948900166	3530d316-6d2e-4a34-ae6b-9bdb81de7163
nsc_1_pat	chr7	104367706	+	2.2192034840549946	28341d95-a0fd-40dd-bf00-55637a799990
nsc_1_pat	chr7	104367706	+	3.7256934272366515	51191fe5-4ec1-4755-aed0-51e0c318feaf
nsc_2_pat	chr7	104367706	+	3.7256934272366515	e9494928-d623-46c5-a2ef-686434b5e36d
nsc_3_pat	chr7	104367706	-	Inf	a6a1514c-384c-4ddf-a901-eb274063024d
nsc_1_pat	chr7	104367711	+	3.9120230054281437	51191fe5-4ec1-4755-aed0-51e0c318feaf
nsc_2_pat	chr7	104367720	-	4.13915857801189	b85c828b-ccf4-4b1d-b443-613370b4bad5
nsc_1_pat	chr7	104367778	+	-2.264363880173848	3530d316-6d2e-4a34-ae6b-9bdb81de7163
nsc_1_pat	chr7	104367778	+	-4.430816798843313	28341d95-a0fd-40dd-bf00-55637a799990
nsc_1_pat	chr7	104367778	+	-4.430816798843313	51191fe5-4ec1-4755-aed0-51e0c318feaf
nsc_2_pat	chr7	104367778	+	-1.5404450409471488	e9494928-d623-46c5-a2ef-686434b5e36d
nsc_2_pat	chr7	104367778	-	-4.840242308167575	b85c828b-ccf4-4b1d-b443-613370b4bad5
nsc_2_pat	chr7	104367778	-	3.7256934272366515	165e7693-374f-4413-b9ae-5399d8462132
nsc_3_mat	chr7	104367778	-	-3.7256934272366524	b7fb180b-eb8a-466d-b992-2863ac70b501
nsc_3_pat	chr7	104367778	-	Inf	a6a1514c-384c-4ddf-a901-eb274063024d
nsc_1_pat	chr7	104367877	+	Inf	3530d316-6d2e-4a34-ae6b-9bdb81de7163
nsc_1_pat	chr7	104367880	+	2.577688383238967	51191fe5-4ec1-4755-aed0-51e0c318feaf
nsc_1_pat	chr7	104367880	+	Inf	3530d316-6d2e-4a34-ae6b-9bdb81de7163
nsc_2_pat	chr7	104367880	+	Inf	e9494928-d623-46c5-a2ef-686434b5e36d
nsc_2_pat	chr7	104367880	-	-5.537334267018537	b85c828b-ccf4-4b1d-b443-613370b4bad5
nsc_2_pat	chr7	104367881	-	Inf	165e7693-374f-4413-b9ae-5399d8462132
nsc_1_pat	chr7	104367998	+	-0.8566524655544238	3530d316-6d2e-4a34-ae6b-9bdb81de7163
nsc_1_pat	chr7	104367998	+	-2.772588722239781	28341d95-a0fd-40dd-bf00-55637a799990
nsc_1_pat	chr7	104367998	+	0.8194409058842373	51191fe5-4ec1-4755-aed0-51e0c318feaf
nsc_2_pat	chr7	104367998	+	0.4054651081081642	e9494928-d623-46c5-a2ef-686434b5e36d
nsc_2_pat	chr7	104367998	-	-Inf	b85c828b-ccf4-4b1d-b443-613370b4bad5
nsc_2_pat	chr7	104367998	-	Inf	165e7693-374f-4413-b9ae-5399d8462132
nsc_3_mat	chr7	104367998	-	4.8402423081675785	b7fb180b-eb8a-466d-b992-2863ac70b501
nsc_3_pat	chr7	104367998	-	Inf	a6a1514c-384c-4ddf-a901-eb274063024d
nsc_2_pat	chr7	104368146	-	0.1967102942460545	165e7693-374f-4413-b9ae-5399d8462132
nsc_2_pat	chr7	104368157	-	-4.430816798843313	165e7693-374f-4413-b9ae-5399d8462132
nsc_1_pat	chr7	104368164	+	-0.7465723472335258	3530d316-6d2e-4a34-ae6b-9bdb81de7163
nsc_1_pat	chr7	104368229	+	0.18088374202432694	28341d95-a0fd-40dd-bf00-55637a799990
nsc_1_pat	chr7	104368229	+	2.577688383238967	51191fe5-4ec1-4755-aed0-51e0c318feaf
nsc_1_pat	chr7	104368229	+	2.639057329615259	3530d316-6d2e-4a34-ae6b-9bdb81de7163
nsc_2_pat	chr7	104368229	+	-0.8944319380616559	e9494928-d623-46c5-a2ef-686434b5e36d
nsc_2_pat	chr7	104368229	-	2.5193928258591702	b85c828b-ccf4-4b1d-b443-613370b4bad5
nsc_2_pat	chr7	104368229	-	2.9239883686951487	165e7693-374f-4413-b9ae-5399d8462132
nsc_3_mat	chr7	104368229	-	-0.8010361425711302	b7fb180b-eb8a-466d-b992-2863ac70b501
nsc_1_pat	chr7	104368268	+	-4.840242308167575	3530d316-6d2e-4a34-ae6b-9bdb81de7163
nsc_1_pat	chr7	104368268	+	Inf	28341d95-a0fd-40dd-bf00-55637a799990
nsc_1_pat	chr7	104368268	+	Inf	51191fe5-4ec1-4755-aed0-51e0c318feaf
nsc_2_pat	chr7	104368268	+	Inf	e9494928-d623-46c5-a2ef-686434b5e36d
nsc_2_pat	chr7	104368268	-	Inf	b85c828b-ccf4-4b1d-b443-613370b4bad5
nsc_3_mat	chr7	104368268	-	Inf	b7fb180b-eb8a-466d-b992-2863ac70b501
nsc_3_pat	chr7	104368268	-	4.8402423081675785	a6a1514c-384c-4ddf-a901-eb274063024d
nsc_1_pat	chr7	104368273	+	-5.537334267018537	3530d316-6d2e-4a34-ae6b-9bdb81de7163
nsc_1_pat	chr7	104368273	+	3.567518597109668	28341d95-a0fd-40dd-bf00-55637a799990
nsc_1_pat	chr7	104368273	+	Inf	51191fe5-4ec1-4755-aed0-51e0c318feaf
nsc_2_pat	chr7	104368273	+	Inf	e9494928-d623-46c5-a2ef-686434b5e36d
nsc_2_pat	chr7	104368273	-	1.5136928554757159	b85c828b-ccf4-4b1d-b443-613370b4bad5
nsc_2_pat	chr7	104368273	-	4.8402423081675785	165e7693-374f-4413-b9ae-5399d8462132
nsc_3_mat	chr7	104368273	-	2.264363880173848	b7fb180b-eb8a-466d-b992-2863ac70b501
nsc_3_pat	chr7	104368273	-	Inf	a6a1514c-384c-4ddf-a901-eb274063024d
nsc_1_pat	chr7	104368291	+	Inf	3530d316-6d2e-4a34-ae6b-9bdb81de7163
nsc_1_pat	chr7	104368328	+	0.7827593392496325	51191fe5-4ec1-4755-aed0-51e0c318feaf
nsc_1_pat	chr7	104368328	+	4.8402423081675785	28341d95-a0fd-40dd-bf00-55637a799990
nsc_2_pat	chr7	104368328	+	1.8718021769015918	e9494928-d623-46c5-a2ef-686434b5e36d
nsc_2_pat	chr7	104368328	-	3.198673117550682	165e7693-374f-4413-b9ae-5399d8462132
nsc_2_pat	chr7	104368328	-	Inf	b85c828b-ccf4-4b1d-b443-613370b4bad5
nsc_3_mat	chr7	104368328	-	Inf	b7fb180b-eb8a-466d-b992-2863ac70b501
nsc_3_pat	chr7	104368328	-	Inf	a6a1514c-384c-4ddf-a901-eb274063024d
nsc_2_pat	chr7	104368515	+	4.13915857801189	e9494928-d623-46c5-a2ef-686434b5e36d
nsc_2_pat	chr7	104368770	-	4.430816798843317	165e7693-374f-4413-b9ae-5399d8462132
nsc_1_pat	chr7	104368955	+	2.463853240590167	3530d316-6d2e-4a34-ae6b-9bdb81de7163
nsc_1_pat	chr7	104368958	+	-0.8566524655544238	3530d316-6d2e-4a34-ae6b-9bdb81de7163
nsc_1_pat	chr7	104369007	+	2.845739603875396	51191fe5-4ec1-4755-aed0-51e0c318feaf
nsc_1_pat	chr7	104369208	+	5.53733426701854	28341d95-a0fd-40dd-bf00-55637a799990
nsc_1_pat	chr7	104369208	+	5.53733426701854	3530d316-6d2e-4a34-ae6b-9bdb81de7163
nsc_1_pat	chr7	104369208	+	5.53733426701854	51191fe5-4ec1-4755-aed0-51e0c318feaf
nsc_2_pat	chr7	104369208	-	3.308106958596144	165e7693-374f-4413-b9ae-5399d8462132
nsc_2_pat	chr7	104369208	-	Inf	b85c828b-ccf4-4b1d-b443-613370b4bad5
nsc_3_mat	chr7	104369208	-	-3.567518597109669	b7fb180b-eb8a-466d-b992-2863ac70b501
nsc_3_pat	chr7	104369208	-	5.53733426701854	a6a1514c-384c-4ddf-a901-eb274063024d
nsc_1_pat	chr7	104369576	+	1.0726368022648491	3530d316-6d2e-4a34-ae6b-9bdb81de7163
nsc_1_pat	chr7	104369579	+	-0.5212969236332861	28341d95-a0fd-40dd-bf00-55637a799990
nsc_2_pat	chr7	104369627	-	2.053239169285811	b85c828b-ccf4-4b1d-b443-613370b4bad5
nsc_3_mat	chr7	104369627	-	3.198673117550682	b7fb180b-eb8a-466d-b992-2863ac70b501
nsc_2_pat	chr7	104369630	+	2.0927455073061982	e9494928-d623-46c5-a2ef-686434b5e36d
nsc_1_pat	chr7	104369663	+	-3.912023005428146	51191fe5-4ec1-4755-aed0-51e0c318feaf
nsc_1_pat	chr7	104369663	+	-4.139158578011894	3530d316-6d2e-4a34-ae6b-9bdb81de7163
nsc_1_pat	chr7	104369663	+	-5.537334267018537	28341d95-a0fd-40dd-bf00-55637a799990
nsc_2_pat	chr7	104369663	+	-4.430816798843313	e9494928-d623-46c5-a2ef-686434b5e36d
nsc_2_pat	chr7	104369663	-	Inf	b85c828b-ccf4-4b1d-b443-613370b4bad5
nsc_3_mat	chr7	104369663	-	4.8402423081675785	b7fb180b-eb8a-466d-b992-2863ac70b501
nsc_3_pat	chr7	104369663	-	-Inf	a6a1514c-384c-4ddf-a901-eb274063024d
nsc_2_pat	chr7	104369696	+	2.31124315573716	e9494928-d623-46c5-a2ef-686434b5e36d
nsc_3_mat	chr7	104369782	-	-0.3243834393022088	b7fb180b-eb8a-466d-b992-2863ac70b501
nsc_2_pat	chr7	104369847	-	-Inf	b85c828b-ccf4-4b1d-b443-613370b4bad5
nsc_2_pat	chr7	104369863	-	-Inf	b85c828b-ccf4-4b1d-b443-613370b4bad5
nsc_2_pat	chr7	104370076	+	-1.7117167615545184	e9494928-d623-46c5-a2ef-686434b5e36d
nsc_3_mat	chr7	104370091	-	1.6524039483175437	b7fb180b-eb8a-466d-b992-2863ac70b501
nsc_2_pat	chr7	104370105	-	-Inf	165e7693-374f-4413-b9ae-5399d8462132
nsc_2_pat	chr7	104370119	+	1.3379757838490827	e9494928-d623-46c5-a2ef-686434b5e36d
nsc_1_pat	chr7	104370301	+	-Inf	51191fe5-4ec1-4755-aed0-51e0c318feaf
nsc_2_pat	chr7	104370384	-	Inf	b85c828b-ccf4-4b1d-b443-613370b4bad5
nsc_3_mat	chr7	104370384	-	3.567518597109668	b7fb180b-eb8a-466d-b992-2863ac70b501
nsc_1_pat	chr7	104370503	+	2.175625465532758	28341d95-a0fd-40dd-bf00-55637a799990
nsc_2_pat	chr7	104370548	-	Inf	165e7693-374f-4413-b9ae-5399d8462132
nsc_1_pat	chr7	104370552	+	-2.264363880173848	51191fe5-4ec1-4755-aed0-51e0c318feaf
nsc_1_pat	chr7	104370552	+	Inf	28341d95-a0fd-40dd-bf00-55637a799990
nsc_2_pat	chr7	104370552	+	Inf	e9494928-d623-46c5-a2ef-686434b5e36d
nsc_2_pat	chr7	104370552	-	Inf	165e7693-374f-4413-b9ae-5399d8462132
nsc_3_pat	chr7	104370552	-	1.7735771501448643	a6a1514c-384c-4ddf-a901-eb274063024d
nsc_1_pat	chr7	104370584	+	Inf	28341d95-a0fd-40dd-bf00-55637a799990
nsc_1_pat	chr7	104370584	+	Inf	51191fe5-4ec1-4755-aed0-51e0c318feaf
nsc_2_pat	chr7	104370584	+	Inf	e9494928-d623-46c5-a2ef-686434b5e36d
nsc_2_pat	chr7	104370584	-	-4.139158578011894	b85c828b-ccf4-4b1d-b443-613370b4bad5
nsc_2_pat	chr7	104370584	-	-5.537334267018537	165e7693-374f-4413-b9ae-5399d8462132
nsc_3_mat	chr7	104370584	-	Inf	b7fb180b-eb8a-466d-b992-2863ac70b501
nsc_3_pat	chr7	104370584	-	Inf	a6a1514c-384c-4ddf-a901-eb274063024d
nsc_1_pat	chr7	104370593	+	-3.912023005428146	51191fe5-4ec1-4755-aed0-51e0c318feaf
nsc_3_pat	chr7	104370600	-	-Inf	a6a1514c-384c-4ddf-a901-eb274063024d
nsc_2_pat	chr7	104370692	-	1.093390344686958	165e7693-374f-4413-b9ae-5399d8462132
nsc_1_pat	chr7	104370722	+	5.53733426701854	51191fe5-4ec1-4755-aed0-51e0c318feaf
nsc_1_pat	chr7	104370722	+	Inf	28341d95-a0fd-40dd-bf00-55637a799990
nsc_2_pat	chr7	104370722	+	-3.7256934272366524	e9494928-d623-46c5-a2ef-686434b5e36d
nsc_2_pat	chr7	104370722	-	-3.1986731175506815	b85c828b-ccf4-4b1d-b443-613370b4bad5
nsc_2_pat	chr7	104370722	-	Inf	165e7693-374f-4413-b9ae-5399d8462132
nsc_3_mat	chr7	104370722	-	3.4299467949481413	b7fb180b-eb8a-466d-b992-2863ac70b501
nsc_3_pat	chr7	104370722	-	Inf	a6a1514c-384c-4ddf-a901-eb274063024d
nsc_1_pat	chr7	104370948	+	4.430816798843317	51191fe5-4ec1-4755-aed0-51e0c318feaf
nsc_1_pat	chr7	104370948	+	Inf	28341d95-a0fd-40dd-bf00-55637a799990
nsc_2_pat	chr7	104370948	+	4.8402423081675785	e9494928-d623-46c5-a2ef-686434b5e36d
nsc_2_pat	chr7	104370948	-	-1.0520922730332167	b85c828b-ccf4-4b1d-b443-613370b4bad5
nsc_3_mat	chr7	104370948	-	2.264363880173848	b7fb180b-eb8a-466d-b992-2863ac70b501
nsc_3_pat	chr7	104370948	-	0.22843923888892032	a6a1514c-384c-4ddf-a901-eb274063024d
nsc_1_pat	chr7	104371057	+	-0.8379781284384012	51191fe5-4ec1-4755-aed0-51e0c318feaf
nsc_1_pat	chr7	104371057	+	-5.537334267018537	28341d95-a0fd-40dd-bf00-55637a799990
nsc_2_pat	chr7	104371057	-	-3.7256934272366524	165e7693-374f-4413-b9ae-5399d8462132
nsc_3_mat	chr7	104371057	-	Inf	b7fb180b-eb8a-466d-b992-2863ac70b501
nsc_3_pat	chr7	104371057	-	Inf	a6a1514c-384c-4ddf-a901-eb274063024d
nsc_2_pat	chr7	104371257	-	3.308106958596144	b85c828b-ccf4-4b1d-b443-613370b4bad5
nsc_3_mat	chr7	104371257	-	1.7117167615545186	b7fb180b-eb8a-466d-b992-2863ac70b501
nsc_3_pat	chr7	104371273	-	-2.4107986776342782	a6a1514c-384c-4ddf-a901-eb274063024d
nsc_2_pat	chr7	104371331	-	Inf	b85c828b-ccf4-4b1d-b443-613370b4bad5
nsc_3_mat	chr7	104371331	-	-3.3081069585961433	b7fb180b-eb8a-466d-b992-2863ac70b501
nsc_1_pat	chr7	104371339	+	-Inf	51191fe5-4ec1-4755-aed0-51e0c318feaf
nsc_1_pat	chr7	104371353	+	-4.139158578011894	51191fe5-4ec1-4755-aed0-51e0c318feaf
nsc_1_pat	chr7	104371353	+	-5.537334267018537	28341d95-a0fd-40dd-bf00-55637a799990
nsc_2_pat	chr7	104371353	-	-0.5719616237577219	165e7693-374f-4413-b9ae-5399d8462132
nsc_2_pat	chr7	104371353	-	5.53733426701854	b85c828b-ccf4-4b1d-b443-613370b4bad5
nsc_3_mat	chr7	104371353	-	3.567518597109668	b7fb180b-eb8a-466d-b992-2863ac70b501
nsc_3_pat	chr7	104371353	-	-Inf	a6a1514c-384c-4ddf-a901-eb274063024d
nsc_2_pat	chr7	104371399	-	5.53733426701854	b85c828b-ccf4-4b1d-b443-613370b4bad5
nsc_3_mat	chr7	104371399	-	Inf	b7fb180b-eb8a-466d-b992-2863ac70b501
nsc_1_pat	chr7	104372000	+	3.7256934272366515	28341d95-a0fd-40dd-bf00-55637a799990
nsc_1_pat	chr7	104372000	+	5.53733426701854	51191fe5-4ec1-4755-aed0-51e0c318feaf
nsc_2_pat	chr7	104372000	+	5.53733426701854	e9494928-d623-46c5-a2ef-686434b5e36d
nsc_2_pat	chr7	104372000	-	3.0992729524948324	165e7693-374f-4413-b9ae-5399d8462132
nsc_2_pat	chr7	104372000	-	Inf	b85c828b-ccf4-4b1d-b443-613370b4bad5
nsc_3_pat	chr7	104372000	-	Inf	a6a1514c-384c-4ddf-a901-eb274063024d
nsc_1_pat	chr7	104372081	+	-Inf	28341d95-a0fd-40dd-bf00-55637a799990
nsc_1_pat	chr7	104372081	+	Inf	51191fe5-4ec1-4755-aed0-51e0c318feaf
nsc_2_pat	chr7	104372081	+	4.8402423081675785	e9494928-d623-46c5-a2ef-686434b5e36d
nsc_3_pat	chr7	104372081	-	-4.840242308167575	a6a1514c-384c-4ddf-a901-eb274063024d
